Country,West,South,East,North
Worldwide,-160,-20,180,60
European Union,-24.689924,35.716942,50.678160,71.093955
Greece,20.1500159034,34.9199876979,26.6041955909,41.8269046087
Hungary,16.2022982113,45.7594811061,22.710531447,48.6238540716
United Kingdom,-7.57216793459,49.959999905,1.68153079591,58.6350001085
