Country,West,South,East,North
Worldwide,-160,-20,180,60
European Union,-24.689924,35.716942,50.678160,71.093955
Brazil,-73.9872354804,-33.7683777809,-34.7299934555,5.24448639569
United States,-125.041939,24.745653,-66.827536,49.038054
Argentina,-73.4154357571,-55.25,-53.628348965,-21.8323104794
Paraguay,-62.6850571357,-27.5484990374,-54.2929595608,-19.3427466773
Vatican,12.445713,41.900179,12.458437,41.9074918
Italy,6.7499552751,36.619987291,18.4802470232,47.1153931748
Croatia,13.6569755388,42.47999136,19.3904757016,46.5037509222
